[Header],,,
FileFormatVersion,2,,
,,,
[Reads],,,
Read1Cycles,151,,
Read2Cycles,151,,
Index1Cycles,10,,
Index2Cycles,10,,
,,,
[BCLConvert_Settings],,,
CreateFastqForIndexReads,0,,
OverrideCycles,Y151;I8N2;I8N2;Y151,,
[BCLConvert_Data],,,
Lane,Sample_ID,index,index2
2,21STL000310,AACCACTC,GGATCCTT
2,21STL000304,AGGAACAC,GGATCCTT
2,21STL000301,CACAGACT,GGATCCTT
2,21STL000302,CCTTGGAA,GGATCCTT
2,21STL000303,CTTACAGC,GGATCCTT
2,21STL000315,GCTGTAAG,GGATCCTT
2,21STL000312,GTTCCATG,GGATCCTT
2,21STL000309,TCTTACGG,GGATCCTT
2,21STL000306,AAGGCTCT,GGATCCTT
2,21STL000314,AGGCAATG,GGATCCTT
2,21STL000308,CACCAGTT,GGATCCTT
2,21STL000319,CGAGAGAA,GGATCCTT
2,21STL000318,GAACCTTC,GGATCCTT
2,21STL000322,GGAACATG,GGATCCTT
2,21STL000316,TACAGAGC,GGATCCTT
2,21STL000321,TGCCTCAA,GGATCCTT
2,21STL000305,AAGTGCAG,GGATCCTT
2,21STL000313,AGGTAGGA,GGATCCTT
2,21STL000320,CAGAACTG,GGATCCTT
2,21STL000324,CGATTCTG,GGATCCTT
2,21STL000325,GACCGATA,GGATCCTT
2,21STL000323,GGAATGTC,GGATCCTT
2,21STL000307,TACGGTCT,GGATCCTT
2,21STL000311,TGCTCTAC,GGATCCTT
2,21STL000317,ACACTACC,GGATCCTT
2,BLANK_DNA220602P01_B04,AGGTCAAC,GGATCCTT
2,21STL000380,CAGGATGT,GGATCCTT
2,21STL000378,CGCAATGT,GGATCCTT
2,21STL000379,GACTTGTG,GGATCCTT
2,21STL000377,GGCGAATA,GGATCCTT
2,21STL000376,TACTGCTC,GGATCCTT
2,21STL000286,TGCTTGCT,GGATCCTT
2,21STL000287,ACAGTGAC,GGATCCTT
2,21STL000288,AGGTGTTG,GGATCCTT
2,21STL000289,CAGGTTCA,GGATCCTT
2,21STL000290,CGGAGTAT,GGATCCTT
2,21STL000291,GAGCTCTA,GGATCCTT
2,21STL000292,GGTACGAA,GGATCCTT
2,21STL000299,TAGCTTCC,GGATCCTT
2,21STL000298,TGGCTCTT,GGATCCTT
2,21STL000297,ACCAAGCA,GGATCCTT
2,21STL000296,AGTACACG,GGATCCTT
2,21STL000295,CATACGGA,GGATCCTT
2,21STL000294,CTAAGACC,GGATCCTT
2,21STL000293,GAGTGTGT,GGATCCTT
2,21STL000300,GGTTAGCT,GGATCCTT
2,21STL000348,TATGGCAC,GGATCCTT
2,21STL000346,TGGTTCGA,GGATCCTT
2,21STL000347,ACGAACGA,GGATCCTT
2,21STL000330,AGTCAGGT,GGATCCTT
2,21STL000340,CATGAGCA,GGATCCTT
2,21STL000337,CTACATCC,GGATCCTT
2,21STL000341,GATCTTGC,GGATCCTT
2,21STL000342,GTAACCGA,GGATCCTT
2,21STL000327,TCACCTAG,GGATCCTT
2,21STL000326,TTACGTGC,GGATCCTT
2,21STL000331,ACGGTACA,GGATCCTT
2,21STL000332,AGTGGCAA,GGATCCTT
2,21STL000328,CATTGACG,GGATCCTT
2,21STL000329,CTAGCTCA,GGATCCTT
2,21STL000334,GCAGAAGA,GGATCCTT
2,21STL000333,GTATCGAG,GGATCCTT
2,21STL000339,TCAGTAGG,GGATCCTT
2,21STL000338,TTCCAGGT,GGATCCTT
2,21STL000345,ACTCTCCA,GGATCCTT
2,21STL000343,ATAACGCC,GGATCCTT
2,21STL000336,CCAAGGTT,GGATCCTT
2,21STL000335,CTCACCAA,GGATCCTT
2,21STL000344,GCATAGTC,GGATCCTT
2,21STL000350,GTCAACAG,GGATCCTT
2,21STL000349,TCCTGACT,GGATCCTT
2,21STL000001,TTCCTCCT,GGATCCTT
2,21STL000002,ACTCTGAG,GGATCCTT
2,21STL000003,ATCGTGGT,GGATCCTT
2,21STL000004,CCAGTATC,GGATCCTT
2,21STL000005,CTCGACTT,GGATCCTT
2,21STL000006,GCCTATGT,GGATCCTT
2,21STL000007,GTCGTTAC,GGATCCTT
2,21STL000008,TCGTGCAT,GGATCCTT
2,21STL000009,TTCGGCTA,GGATCCTT
2,21STL000010,AGAAGCCT,GGATCCTT
2,21STL000361,ATCTCCTG,GGATCCTT
2,21STL000051,CCTCGTTA,GGATCCTT
2,21STL000076,CTCTCAGA,GGATCCTT
2,21STL000077,GCCTTCTT,GGATCCTT
2,21STL000078,GTGGTATG,GGATCCTT
2,21STL000079,TCTAGGAG,GGATCCTT
2,21STL000080,TTGCAACG,GGATCCTT
2,21STL000081,AGAAGTGG,GGATCCTT
2,21STL000082,ATGCCTAG,GGATCCTT
2,21STL000083,CCTTCCAT,GGATCCTT
2,21STL000084,CTGCCATA,GGATCCTT
2,21STL000086,GCTGAATC,GGATCCTT
2,21STL000085,GTTAAGCG,GGATCCTT
2,21STL000087,TCTGTCGT,GGATCCTT
2,21STL000088,TTGGTGCA,GGATCCTT
2,21STL000089,AACCACTC,ACCGAAGT
2,21STL000090,AGGAACAC,ACCGAAGT
2,21STL000091,CACAGACT,ACCGAAGT
2,21STL000092,CCTTGGAA,ACCGAAGT
2,21STL000093,CTTACAGC,ACCGAAGT
2,21STL000094,GCTGTAAG,ACCGAAGT
2,21STL000095,GTTCCATG,ACCGAAGT
2,21STL000075,TCTTACGG,ACCGAAGT
2,21STL000073,AAGGCTCT,ACCGAAGT
2,21STL000070,AGGCAATG,ACCGAAGT
2,21STL000069,CACCAGTT,ACCGAAGT
2,21STL000074,CGAGAGAA,ACCGAAGT
2,21STL000068,GAACCTTC,ACCGAAGT
2,21STL000072,GGAACATG,ACCGAAGT
2,21STL000067,TACAGAGC,ACCGAAGT
2,21STL000071,TGCCTCAA,ACCGAAGT
2,21STL000065,AAGTGCAG,ACCGAAGT
2,21STL000066,AGGTAGGA,ACCGAAGT
2,21STL000064,CAGAACTG,ACCGAAGT
2,21STL000063,CGATTCTG,ACCGAAGT
2,21STL000062,GACCGATA,ACCGAAGT
2,21STL000061,GGAATGTC,ACCGAAGT
2,21STL000060,TACGGTCT,ACCGAAGT
2,21STL000059,TGCTCTAC,ACCGAAGT
2,21STL000058,ACACTACC,ACCGAAGT
2,21STL000057,AGGTCAAC,ACCGAAGT
2,21STL000056,CAGGATGT,ACCGAAGT
2,21STL000055,CGCAATGT,ACCGAAGT
2,21STL000054,GACTTGTG,ACCGAAGT
2,21STL000053,GGCGAATA,ACCGAAGT
2,21STL000052,TACTGCTC,ACCGAAGT
2,21STL000366,TGCTTGCT,ACCGAAGT
2,BLANK_DNA220602P02_A05,ACAGTGAC,ACCGAAGT
2,21STL000371,AGGTGTTG,ACCGAAGT
2,21STL000356,CAGGTTCA,ACCGAAGT
2,21STL000351,CGGAGTAT,ACCGAAGT
2,21STL000357,GAGCTCTA,ACCGAAGT
2,21STL000362,GGTACGAA,ACCGAAGT
2,21STL000367,TAGCTTCC,ACCGAAGT
2,21STL000372,TGGCTCTT,ACCGAAGT
2,21STL000352,ACCAAGCA,ACCGAAGT
2,21STL000358,AGTACACG,ACCGAAGT
2,21STL000363,CATACGGA,ACCGAAGT
2,21STL000368,CTAAGACC,ACCGAAGT
2,21STL000373,GAGTGTGT,ACCGAAGT
2,21STL000353,GGTTAGCT,ACCGAAGT
2,21STL000354,TATGGCAC,ACCGAAGT
2,21STL000359,TGGTTCGA,ACCGAAGT
2,21STL000364,ACGAACGA,ACCGAAGT
2,21STL000369,AGTCAGGT,ACCGAAGT
2,21STL000355,CATGAGCA,ACCGAAGT
2,21STL000360,CTACATCC,ACCGAAGT
2,21STL000365,GATCTTGC,ACCGAAGT
2,21STL000374,GTAACCGA,ACCGAAGT
2,21STL000370,TCACCTAG,ACCGAAGT
2,21STL000375,TTACGTGC,ACCGAAGT
2,21STL000021,ACGGTACA,ACCGAAGT
2,21STL000022,AGTGGCAA,ACCGAAGT
2,21STL000023,CATTGACG,ACCGAAGT
2,21STL000024,CTAGCTCA,ACCGAAGT
2,21STL000025,GCAGAAGA,ACCGAAGT
2,21STL000016,GTATCGAG,ACCGAAGT
2,21STL000017,TCAGTAGG,ACCGAAGT
2,21STL000018,TTCCAGGT,ACCGAAGT
2,21STL000019,ACTCTCCA,ACCGAAGT
2,21STL000011,ATAACGCC,ACCGAAGT
2,21STL000012,CCAAGGTT,ACCGAAGT
2,21STL000013,CTCACCAA,ACCGAAGT
2,21STL000020,GCATAGTC,ACCGAAGT
2,21STL000014,GTCAACAG,ACCGAAGT
2,21STL000015,TCCTGACT,ACCGAAGT
2,21STL000037,TTCCTCCT,ACCGAAGT
2,21STL000032,ACTCTGAG,ACCGAAGT
2,21STL000027,ATCGTGGT,ACCGAAGT
2,21STL000046,CCAGTATC,ACCGAAGT
2,21STL000040,CTCGACTT,ACCGAAGT
2,21STL000041,GCCTATGT,ACCGAAGT
2,21STL000036,GTCGTTAC,ACCGAAGT
2,21STL000031,TCGTGCAT,ACCGAAGT
2,21STL000026,TTCGGCTA,ACCGAAGT
2,21STL000050,AGAAGCCT,ACCGAAGT
2,21STL000045,ATCTCCTG,ACCGAAGT
2,21STL000035,CCTCGTTA,ACCGAAGT
2,21STL000030,CTCTCAGA,ACCGAAGT
2,21STL000039,GCCTTCTT,ACCGAAGT
2,21STL000034,GTGGTATG,ACCGAAGT
2,21STL000029,TCTAGGAG,ACCGAAGT
2,21STL000044,TTGCAACG,ACCGAAGT
2,21STL000049,AGAAGTGG,ACCGAAGT
2,21STL000048,ATGCCTAG,ACCGAAGT
2,21STL000043,CCTTCCAT,ACCGAAGT
2,21STL000038,CTGCCATA,ACCGAAGT
2,21STL000033,GCTGAATC,ACCGAAGT
2,21STL000028,GTTAAGCG,ACCGAAGT
2,21STL000047,TCTGTCGT,ACCGAAGT
2,21STL000042,TTGGTGCA,ACCGAAGT
2,21STL000096,AACCACTC,ACGTTCCT
2,21STL000097,AGGAACAC,ACGTTCCT
2,21STL000098,CACAGACT,ACGTTCCT
2,21STL000099,CCTTGGAA,ACGTTCCT
2,21STL000100,CTTACAGC,ACGTTCCT
2,21STL000101,GCTGTAAG,ACGTTCCT
2,21STL000102,GTTCCATG,ACGTTCCT
2,21STL000103,TCTTACGG,ACGTTCCT
2,21STL000104,AAGGCTCT,ACGTTCCT
2,21STL000105,AGGCAATG,ACGTTCCT
2,21STL000106,CACCAGTT,ACGTTCCT
2,21STL000107,CGAGAGAA,ACGTTCCT
2,21STL000108,GAACCTTC,ACGTTCCT
2,21STL000109,GGAACATG,ACGTTCCT
2,21STL000110,TACAGAGC,ACGTTCCT
2,21STL000111,TGCCTCAA,ACGTTCCT
2,21STL000112,AAGTGCAG,ACGTTCCT
2,21STL000113,AGGTAGGA,ACGTTCCT
2,21STL000114,CAGAACTG,ACGTTCCT
2,21STL000115,CGATTCTG,ACGTTCCT
2,21STL000116,GACCGATA,ACGTTCCT
2,21STL000117,GGAATGTC,ACGTTCCT
2,21STL000118,TACGGTCT,ACGTTCCT
2,21STL000119,TGCTCTAC,ACGTTCCT
2,21STL000120,ACACTACC,ACGTTCCT
2,21STL000121,AGGTCAAC,ACGTTCCT
2,21STL000122,CAGGATGT,ACGTTCCT
2,21STL000123,CGCAATGT,ACGTTCCT
2,21STL000124,GACTTGTG,ACGTTCCT
2,21STL000125,GGCGAATA,ACGTTCCT
2,21STL000126,TACTGCTC,ACGTTCCT
2,21STL000127,TGCTTGCT,ACGTTCCT
2,21STL000128,ACAGTGAC,ACGTTCCT
2,21STL000129,AGGTGTTG,ACGTTCCT
2,21STL000130,CAGGTTCA,ACGTTCCT
2,21STL000131,CGGAGTAT,ACGTTCCT
2,21STL000132,GAGCTCTA,ACGTTCCT
2,21STL000133,GGTACGAA,ACGTTCCT
2,21STL000134,TAGCTTCC,ACGTTCCT
2,21STL000135,TGGCTCTT,ACGTTCCT
2,21STL000136,ACCAAGCA,ACGTTCCT
2,21STL000137,AGTACACG,ACGTTCCT
2,21STL000138,CATACGGA,ACGTTCCT
2,21STL000139,CTAAGACC,ACGTTCCT
2,21STL000140,GAGTGTGT,ACGTTCCT
2,21STL000141,GGTTAGCT,ACGTTCCT
2,21STL000142,TATGGCAC,ACGTTCCT
2,21STL000143,TGGTTCGA,ACGTTCCT
2,21STL000144,ACGAACGA,ACGTTCCT
2,21STL000145,AGTCAGGT,ACGTTCCT
2,21STL000146,CATGAGCA,ACGTTCCT
2,21STL000147,CTACATCC,ACGTTCCT
2,21STL000148,GATCTTGC,ACGTTCCT
2,21STL000149,GTAACCGA,ACGTTCCT
2,21STL000150,TCACCTAG,ACGTTCCT
2,21STL000151,TTACGTGC,ACGTTCCT
2,21STL000152,ACGGTACA,ACGTTCCT
2,21STL000153,AGTGGCAA,ACGTTCCT
2,21STL000154,CATTGACG,ACGTTCCT
2,21STL000155,CTAGCTCA,ACGTTCCT
2,21STL000156,GCAGAAGA,ACGTTCCT
2,21STL000157,GTATCGAG,ACGTTCCT
2,21STL000158,TCAGTAGG,ACGTTCCT
2,21STL000159,TTCCAGGT,ACGTTCCT
2,21STL000160,ACTCTCCA,ACGTTCCT
2,21STL000161,ATAACGCC,ACGTTCCT
2,21STL000162,CCAAGGTT,ACGTTCCT
2,21STL000163,CTCACCAA,ACGTTCCT
2,21STL000164,GCATAGTC,ACGTTCCT
2,21STL000165,GTCAACAG,ACGTTCCT
2,21STL000166,TCCTGACT,ACGTTCCT
2,21STL000167,TTCCTCCT,ACGTTCCT
2,21STL000168,ACTCTGAG,ACGTTCCT
2,21STL000169,ATCGTGGT,ACGTTCCT
2,21STL000170,CCAGTATC,ACGTTCCT
2,21STL000171,CTCGACTT,ACGTTCCT
2,21STL000172,GCCTATGT,ACGTTCCT
2,21STL000173,GTCGTTAC,ACGTTCCT
2,21STL000174,TCGTGCAT,ACGTTCCT
2,21STL000175,TTCGGCTA,ACGTTCCT
2,21STL000176,AGAAGCCT,ACGTTCCT
2,21STL000177,ATCTCCTG,ACGTTCCT
2,21STL000178,CCTCGTTA,ACGTTCCT
2,21STL000179,CTCTCAGA,ACGTTCCT
2,21STL000180,GCCTTCTT,ACGTTCCT
2,21STL000181,GTGGTATG,ACGTTCCT
2,21STL000182,TCTAGGAG,ACGTTCCT
2,21STL000183,TTGCAACG,ACGTTCCT
2,21STL000184,AGAAGTGG,ACGTTCCT
2,21STL000185,ATGCCTAG,ACGTTCCT
2,21STL000186,CCTTCCAT,ACGTTCCT
2,21STL000187,CTGCCATA,ACGTTCCT
2,21STL000188,GCTGAATC,ACGTTCCT
2,BLANK_DNA211123P02_F12,GTTAAGCG,ACGTTCCT
2,21STL000189,TCTGTCGT,ACGTTCCT
2,21STL000190,TTGGTGCA,ACGTTCCT
2,21STL000191,AACCACTC,GCACGTAT
2,21STL000192,AGGAACAC,GCACGTAT
2,21STL000193,CACAGACT,GCACGTAT
2,21STL000194,CCTTGGAA,GCACGTAT
2,21STL000195,CTTACAGC,GCACGTAT
2,21STL000196,GCTGTAAG,GCACGTAT
2,21STL000197,GTTCCATG,GCACGTAT
2,21STL000198,TCTTACGG,GCACGTAT
2,21STL000199,AAGGCTCT,GCACGTAT
2,21STL000200,AGGCAATG,GCACGTAT
2,21STL000201,CACCAGTT,GCACGTAT
2,21STL000202,CGAGAGAA,GCACGTAT
2,21STL000203,GAACCTTC,GCACGTAT
2,21STL000204,GGAACATG,GCACGTAT
2,21STL000205,TACAGAGC,GCACGTAT
2,21STL000206,TGCCTCAA,GCACGTAT
2,21STL000207,AAGTGCAG,GCACGTAT
2,21STL000208,AGGTAGGA,GCACGTAT
2,21STL000209,CAGAACTG,GCACGTAT
2,21STL000210,CGATTCTG,GCACGTAT
2,21STL000211,GACCGATA,GCACGTAT
2,21STL000212,GGAATGTC,GCACGTAT
2,21STL000213,TACGGTCT,GCACGTAT
2,21STL000214,TGCTCTAC,GCACGTAT
2,21STL000215,ACACTACC,GCACGTAT
2,21STL000216,AGGTCAAC,GCACGTAT
2,21STL000217,CAGGATGT,GCACGTAT
2,21STL000218,CGCAATGT,GCACGTAT
2,21STL000219,GACTTGTG,GCACGTAT
2,21STL000220,GGCGAATA,GCACGTAT
2,21STL000221,TACTGCTC,GCACGTAT
2,21STL000222,TGCTTGCT,GCACGTAT
2,21STL000223,ACAGTGAC,GCACGTAT
2,21STL000224,AGGTGTTG,GCACGTAT
2,21STL000225,CAGGTTCA,GCACGTAT
2,21STL000226,CGGAGTAT,GCACGTAT
2,21STL000227,GAGCTCTA,GCACGTAT
2,21STL000228,GGTACGAA,GCACGTAT
2,21STL000229,TAGCTTCC,GCACGTAT
2,21STL000230,TGGCTCTT,GCACGTAT
2,21STL000231,ACCAAGCA,GCACGTAT
2,21STL000232,AGTACACG,GCACGTAT
2,21STL000233,CATACGGA,GCACGTAT
2,21STL000234,CTAAGACC,GCACGTAT
2,21STL000235,GAGTGTGT,GCACGTAT
2,21STL000236,GGTTAGCT,GCACGTAT
2,21STL000237,TATGGCAC,GCACGTAT
2,21STL000238,TGGTTCGA,GCACGTAT
2,21STL000239,ACGAACGA,GCACGTAT
2,21STL000240,AGTCAGGT,GCACGTAT
2,21STL000241,CATGAGCA,GCACGTAT
2,21STL000242,CTACATCC,GCACGTAT
2,21STL000243,GATCTTGC,GCACGTAT
2,21STL000244,GTAACCGA,GCACGTAT
2,21STL000245,TCACCTAG,GCACGTAT
2,21STL000246,TTACGTGC,GCACGTAT
2,21STL000247,ACGGTACA,GCACGTAT
2,21STL000248,AGTGGCAA,GCACGTAT
2,21STL000249,CATTGACG,GCACGTAT
2,21STL000250,CTAGCTCA,GCACGTAT
2,21STL000251,GCAGAAGA,GCACGTAT
2,21STL000252,GTATCGAG,GCACGTAT
2,21STL000253,TCAGTAGG,GCACGTAT
2,21STL000254,TTCCAGGT,GCACGTAT
2,21STL000255,ACTCTCCA,GCACGTAT
2,21STL000256,ATAACGCC,GCACGTAT
2,21STL000257,CCAAGGTT,GCACGTAT
2,21STL000258,CTCACCAA,GCACGTAT
2,BLANK_DNA211123P03_E09,GCATAGTC,GCACGTAT
2,21STL000259,GTCAACAG,GCACGTAT
2,21STL000260,TCCTGACT,GCACGTAT
2,21STL000261,TTCCTCCT,GCACGTAT
2,21STL000262,ACTCTGAG,GCACGTAT
2,21STL000263,ATCGTGGT,GCACGTAT
2,21STL000264,CCAGTATC,GCACGTAT
2,21STL000265,CTCGACTT,GCACGTAT
2,21STL000266,GCCTATGT,GCACGTAT
2,21STL000267,GTCGTTAC,GCACGTAT
2,21STL000268,TCGTGCAT,GCACGTAT
2,21STL000269,TTCGGCTA,GCACGTAT
2,21STL000270,AGAAGCCT,GCACGTAT
2,21STL000271,ATCTCCTG,GCACGTAT
2,21STL000272,CCTCGTTA,GCACGTAT
2,21STL000273,CTCTCAGA,GCACGTAT
2,21STL000274,GCCTTCTT,GCACGTAT
2,21STL000275,GTGGTATG,GCACGTAT
2,21STL000276,TCTAGGAG,GCACGTAT
2,21STL000277,TTGCAACG,GCACGTAT
2,21STL000278,AGAAGTGG,GCACGTAT
2,21STL000279,ATGCCTAG,GCACGTAT
2,21STL000280,CCTTCCAT,GCACGTAT
2,21STL000281,CTGCCATA,GCACGTAT
2,21STL000282,GCTGAATC,GCACGTAT
2,21STL000283,GTTAAGCG,GCACGTAT
2,21STL000284,TCTGTCGT,GCACGTAT
2,21STL000285,TTGGTGCA,GCACGTAT
2,21STL000381,AACCACTC,GACTAGTG
2,21STL000382,AGGAACAC,GACTAGTG
2,21STL000383,CACAGACT,GACTAGTG
2,21STL000384,CCTTGGAA,GACTAGTG
2,21STL000385,CTTACAGC,GACTAGTG
2,21STL000386,GCTGTAAG,GACTAGTG
2,21STL000387,GTTCCATG,GACTAGTG
2,21STL000388,TCTTACGG,GACTAGTG
2,21STL000389,AAGGCTCT,GACTAGTG
2,BLANK_DNA211123P05_B02,AGGCAATG,GACTAGTG
2,21STL000390,CACCAGTT,GACTAGTG
2,21STL000391,CGAGAGAA,GACTAGTG
2,21STL000392,GAACCTTC,GACTAGTG
2,21STL000393,GGAACATG,GACTAGTG
2,21STL000394,TACAGAGC,GACTAGTG
2,21STL000395,TGCCTCAA,GACTAGTG
2,21STL000396,AAGTGCAG,GACTAGTG
2,21STL000397,AGGTAGGA,GACTAGTG
2,21STL000398,CAGAACTG,GACTAGTG
2,21STL000399,CGATTCTG,GACTAGTG
2,21STL000400,GACCGATA,GACTAGTG
2,21STL000401,GGAATGTC,GACTAGTG
2,21STL000402,TACGGTCT,GACTAGTG
2,21STL000403,TGCTCTAC,GACTAGTG
2,21STL000404,ACACTACC,GACTAGTG
2,21STL000405,AGGTCAAC,GACTAGTG
2,21STL000406,CAGGATGT,GACTAGTG
2,21STL000407,CGCAATGT,GACTAGTG
2,21STL000408,GACTTGTG,GACTAGTG
2,21STL000409,GGCGAATA,GACTAGTG
2,21STL000410,TACTGCTC,GACTAGTG
2,21STL000411,TGCTTGCT,GACTAGTG
2,21STL000412,ACAGTGAC,GACTAGTG
2,21STL000413,AGGTGTTG,GACTAGTG
2,21STL000414,CAGGTTCA,GACTAGTG
2,21STL000415,CGGAGTAT,GACTAGTG
2,21STL000416,GAGCTCTA,GACTAGTG
2,21STL000417,GGTACGAA,GACTAGTG
2,21STL000418,TAGCTTCC,GACTAGTG
2,21STL000419,TGGCTCTT,GACTAGTG
2,21STL000420,ACCAAGCA,GACTAGTG
2,21STL000421,AGTACACG,GACTAGTG
2,21STL000422,CATACGGA,GACTAGTG
2,21STL000423,CTAAGACC,GACTAGTG
2,21STL000424,GAGTGTGT,GACTAGTG
2,21STL000425,GGTTAGCT,GACTAGTG
2,21STL000426,TATGGCAC,GACTAGTG
2,21STL000427,TGGTTCGA,GACTAGTG
2,21STL000428,ACGAACGA,GACTAGTG
2,21STL000429,AGTCAGGT,GACTAGTG
2,21STL000430,CATGAGCA,GACTAGTG
2,21STL000431,CTACATCC,GACTAGTG
2,21STL000432,GATCTTGC,GACTAGTG
2,21STL000433,GTAACCGA,GACTAGTG
2,21STL000434,TCACCTAG,GACTAGTG
2,21STL000435,TTACGTGC,GACTAGTG
2,21STL000436,ACGGTACA,GACTAGTG
2,21STL000437,AGTGGCAA,GACTAGTG
2,21STL000438,CATTGACG,GACTAGTG
2,21STL000439,CTAGCTCA,GACTAGTG
2,21STL000440,GCAGAAGA,GACTAGTG
2,21STL000441,GTATCGAG,GACTAGTG
2,21STL000442,TCAGTAGG,GACTAGTG
2,21STL000443,TTCCAGGT,GACTAGTG
2,21STL000444,ACTCTCCA,GACTAGTG
2,21STL000445,ATAACGCC,GACTAGTG
2,21STL000446,CCAAGGTT,GACTAGTG
2,21STL000447,CTCACCAA,GACTAGTG
2,21STL000448,GCATAGTC,GACTAGTG
2,21STL000449,GTCAACAG,GACTAGTG
2,21STL000450,TCCTGACT,GACTAGTG
2,21STL000451,TTCCTCCT,GACTAGTG
2,21STL000452,ACTCTGAG,GACTAGTG
2,21STL000453,ATCGTGGT,GACTAGTG
2,21STL000454,CCAGTATC,GACTAGTG
2,21STL000455,CTCGACTT,GACTAGTG
2,21STL000456,GCCTATGT,GACTAGTG
2,21STL000457,GTCGTTAC,GACTAGTG
2,21STL000458,TCGTGCAT,GACTAGTG
2,21STL000459,TTCGGCTA,GACTAGTG
2,21STL000460,AGAAGCCT,GACTAGTG
2,21STL000461,ATCTCCTG,GACTAGTG
2,21STL000462,CCTCGTTA,GACTAGTG
2,21STL000463,CTCTCAGA,GACTAGTG
2,21STL000464,GCCTTCTT,GACTAGTG
2,21STL000465,GTGGTATG,GACTAGTG
2,21STL000466,TCTAGGAG,GACTAGTG
2,21STL000467,TTGCAACG,GACTAGTG
2,21STL000468,AGAAGTGG,GACTAGTG
2,21STL000469,ATGCCTAG,GACTAGTG
2,21STL000470,CCTTCCAT,GACTAGTG
2,21STL000471,CTGCCATA,GACTAGTG
2,21STL000472,GCTGAATC,GACTAGTG
2,21STL000473,GTTAAGCG,GACTAGTG
2,21STL000474,TCTGTCGT,GACTAGTG
2,21STL000475,TTGGTGCA,GACTAGTG
2,21STL000476,AACCACTC,GTGTTCTG
2,21STL000477,AGGAACAC,GTGTTCTG
2,21STL000478,CACAGACT,GTGTTCTG
2,21STL000479,CCTTGGAA,GTGTTCTG
2,21STL000480,CTTACAGC,GTGTTCTG
2,21STL000481,GCTGTAAG,GTGTTCTG
2,21STL000482,GTTCCATG,GTGTTCTG
2,21STL000483,TCTTACGG,GTGTTCTG
2,21STL000484,AAGGCTCT,GTGTTCTG
2,21STL000485,AGGCAATG,GTGTTCTG
2,21STL000486,CACCAGTT,GTGTTCTG
2,21STL000487,CGAGAGAA,GTGTTCTG
2,21STL000488,GAACCTTC,GTGTTCTG
2,21STL000489,GGAACATG,GTGTTCTG
2,21STL000490,TACAGAGC,GTGTTCTG
2,21STL000491,TGCCTCAA,GTGTTCTG
2,21STL000492,AAGTGCAG,GTGTTCTG
2,21STL000493,AGGTAGGA,GTGTTCTG
2,21STL000494,CAGAACTG,GTGTTCTG
2,21STL000495,CGATTCTG,GTGTTCTG
2,21STL000496,GACCGATA,GTGTTCTG
2,21STL000497,GGAATGTC,GTGTTCTG
2,21STL000498,TACGGTCT,GTGTTCTG
2,21STL000499,TGCTCTAC,GTGTTCTG
2,21STL000500,ACACTACC,GTGTTCTG
2,21STL000501,AGGTCAAC,GTGTTCTG
2,21STL000502,CAGGATGT,GTGTTCTG
2,21STL000503,CGCAATGT,GTGTTCTG
2,21STL000504,GACTTGTG,GTGTTCTG
2,21STL000505,GGCGAATA,GTGTTCTG
2,21STL000506,TACTGCTC,GTGTTCTG
2,21STL000507,TGCTTGCT,GTGTTCTG
2,21STL000508,ACAGTGAC,GTGTTCTG
2,21STL000509,AGGTGTTG,GTGTTCTG
2,21STL000510,CAGGTTCA,GTGTTCTG
2,21STL000511,CGGAGTAT,GTGTTCTG
2,21STL000512,GAGCTCTA,GTGTTCTG
2,21STL000513,GGTACGAA,GTGTTCTG
2,21STL000514,TAGCTTCC,GTGTTCTG
2,21STL000515,TGGCTCTT,GTGTTCTG
2,21STL000516,ACCAAGCA,GTGTTCTG
2,BLANK_DNA211123P06_B06,AGTACACG,GTGTTCTG
2,21STL000517,CATACGGA,GTGTTCTG
2,21STL000518,CTAAGACC,GTGTTCTG
2,21STL000519,GAGTGTGT,GTGTTCTG
2,21STL000520,GGTTAGCT,GTGTTCTG
2,21STL000521,TATGGCAC,GTGTTCTG
2,21STL000522,TGGTTCGA,GTGTTCTG
2,21STL000523,ACGAACGA,GTGTTCTG
2,21STL000524,AGTCAGGT,GTGTTCTG
2,21STL000525,CATGAGCA,GTGTTCTG
2,21STL000526,CTACATCC,GTGTTCTG
2,21STL000527,GATCTTGC,GTGTTCTG
2,21STL000528,GTAACCGA,GTGTTCTG
2,21STL000529,TCACCTAG,GTGTTCTG
2,21STL000530,TTACGTGC,GTGTTCTG
2,21STL000531,ACGGTACA,GTGTTCTG
2,21STL000532,AGTGGCAA,GTGTTCTG
2,21STL000533,CATTGACG,GTGTTCTG
2,21STL000534,CTAGCTCA,GTGTTCTG
2,21STL000535,GCAGAAGA,GTGTTCTG
2,21STL000536,GTATCGAG,GTGTTCTG
2,21STL000537,TCAGTAGG,GTGTTCTG
2,21STL000538,TTCCAGGT,GTGTTCTG
2,21STL000539,ACTCTCCA,GTGTTCTG
2,21STL000540,ATAACGCC,GTGTTCTG
2,21STL000541,CCAAGGTT,GTGTTCTG
2,21STL000542,CTCACCAA,GTGTTCTG
2,21STL000543,GCATAGTC,GTGTTCTG
2,21STL000544,GTCAACAG,GTGTTCTG
2,21STL000545,TCCTGACT,GTGTTCTG
2,21STL000546,TTCCTCCT,GTGTTCTG
2,21STL000547,ACTCTGAG,GTGTTCTG
2,21STL000548,ATCGTGGT,GTGTTCTG
2,21STL000549,CCAGTATC,GTGTTCTG
2,21STL000550,CTCGACTT,GTGTTCTG
2,21STL000551,GCCTATGT,GTGTTCTG
2,21STL000552,GTCGTTAC,GTGTTCTG
2,21STL000553,TCGTGCAT,GTGTTCTG
2,21STL000554,TTCGGCTA,GTGTTCTG
2,21STL000555,AGAAGCCT,GTGTTCTG
2,21STL000556,ATCTCCTG,GTGTTCTG
2,21STL000557,CCTCGTTA,GTGTTCTG
2,21STL000558,CTCTCAGA,GTGTTCTG
2,21STL000559,GCCTTCTT,GTGTTCTG
2,21STL000560,GTGGTATG,GTGTTCTG
2,21STL000561,TCTAGGAG,GTGTTCTG
2,21STL000562,TTGCAACG,GTGTTCTG
2,21STL000563,AGAAGTGG,GTGTTCTG
2,21STL000564,ATGCCTAG,GTGTTCTG
2,21STL000565,CCTTCCAT,GTGTTCTG
2,21STL000566,CTGCCATA,GTGTTCTG
2,21STL000567,GCTGAATC,GTGTTCTG
2,21STL000568,GTTAAGCG,GTGTTCTG
2,21STL000569,TCTGTCGT,GTGTTCTG
2,21STL000570,TTGGTGCA,GTGTTCTG
2,21STL000571,AACCACTC,ATTCCAGG
2,21STL000572,AGGAACAC,ATTCCAGG
2,21STL000573,CACAGACT,ATTCCAGG
2,21STL000574,CCTTGGAA,ATTCCAGG
2,21STL000575,CTTACAGC,ATTCCAGG
2,21STL000576,GCTGTAAG,ATTCCAGG
2,21STL000577,GTTCCATG,ATTCCAGG
2,21STL000578,TCTTACGG,ATTCCAGG
2,21STL000579,AAGGCTCT,ATTCCAGG
2,21STL000580,AGGCAATG,ATTCCAGG
2,21STL000581,CACCAGTT,ATTCCAGG
2,21STL000582,CGAGAGAA,ATTCCAGG
2,21STL000583,GAACCTTC,ATTCCAGG
2,21STL000584,GGAACATG,ATTCCAGG
2,21STL000585,TACAGAGC,ATTCCAGG
2,21STL000586,TGCCTCAA,ATTCCAGG
2,21STL000587,AAGTGCAG,ATTCCAGG
2,21STL000588,AGGTAGGA,ATTCCAGG
2,21STL000589,CAGAACTG,ATTCCAGG
2,21STL000590,CGATTCTG,ATTCCAGG
2,21STL000591,GACCGATA,ATTCCAGG
2,21STL000592,GGAATGTC,ATTCCAGG
2,21STL000593,TACGGTCT,ATTCCAGG
2,21STL000594,TGCTCTAC,ATTCCAGG
2,21STL000595,ACACTACC,ATTCCAGG
2,21STL000596,AGGTCAAC,ATTCCAGG
2,21STL000597,CAGGATGT,ATTCCAGG
2,21STL000598,CGCAATGT,ATTCCAGG
2,21STL000599,GACTTGTG,ATTCCAGG
2,21STL000600,GGCGAATA,ATTCCAGG
2,21STL000601,TACTGCTC,ATTCCAGG
2,21STL000602,TGCTTGCT,ATTCCAGG
2,21STL000603,ACAGTGAC,ATTCCAGG
2,21STL000604,AGGTGTTG,ATTCCAGG
2,21STL000605,CAGGTTCA,ATTCCAGG
2,21STL000606,CGGAGTAT,ATTCCAGG
2,21STL000607,GAGCTCTA,ATTCCAGG
2,21STL000608,GGTACGAA,ATTCCAGG
2,21STL000609,TAGCTTCC,ATTCCAGG
2,21STL000610,TGGCTCTT,ATTCCAGG
2,21STL000611,ACCAAGCA,ATTCCAGG
2,21STL000612,AGTACACG,ATTCCAGG
2,21STL000613,CATACGGA,ATTCCAGG
2,21STL000614,CTAAGACC,ATTCCAGG
2,21STL000615,GAGTGTGT,ATTCCAGG
2,21STL000616,GGTTAGCT,ATTCCAGG
2,21STL000617,TATGGCAC,ATTCCAGG
2,21STL000618,TGGTTCGA,ATTCCAGG
2,21STL000619,ACGAACGA,ATTCCAGG
2,21STL000620,AGTCAGGT,ATTCCAGG
2,21STL000621,CATGAGCA,ATTCCAGG
2,21STL000622,CTACATCC,ATTCCAGG
2,21STL000623,GATCTTGC,ATTCCAGG
2,21STL000624,GTAACCGA,ATTCCAGG
2,21STL000625,TCACCTAG,ATTCCAGG
2,21STL000626,TTACGTGC,ATTCCAGG
2,21STL000627,ACGGTACA,ATTCCAGG
2,21STL000628,AGTGGCAA,ATTCCAGG
2,21STL000629,CATTGACG,ATTCCAGG
2,21STL000630,CTAGCTCA,ATTCCAGG
2,21STL000631,GCAGAAGA,ATTCCAGG
2,21STL000632,GTATCGAG,ATTCCAGG
2,21STL000633,TCAGTAGG,ATTCCAGG
2,21STL000634,TTCCAGGT,ATTCCAGG
2,21STL000635,ACTCTCCA,ATTCCAGG
2,21STL000636,ATAACGCC,ATTCCAGG
2,21STL000637,CCAAGGTT,ATTCCAGG
2,21STL000638,CTCACCAA,ATTCCAGG
2,21STL000639,GCATAGTC,ATTCCAGG
2,21STL000640,GTCAACAG,ATTCCAGG
2,21STL000641,TCCTGACT,ATTCCAGG
2,21STL000642,TTCCTCCT,ATTCCAGG
2,21STL000643,ACTCTGAG,ATTCCAGG
2,21STL000644,ATCGTGGT,ATTCCAGG
2,21STL000645,CCAGTATC,ATTCCAGG
2,21STL000646,CTCGACTT,ATTCCAGG
2,21STL000647,GCCTATGT,ATTCCAGG
2,21STL000648,GTCGTTAC,ATTCCAGG
2,21STL000649,TCGTGCAT,ATTCCAGG
2,21STL000650,TTCGGCTA,ATTCCAGG
2,21STL000651,AGAAGCCT,ATTCCAGG
2,21STL000652,ATCTCCTG,ATTCCAGG
2,21STL000653,CCTCGTTA,ATTCCAGG
2,21STL000654,CTCTCAGA,ATTCCAGG
2,21STL000655,GCCTTCTT,ATTCCAGG
2,BLANK_DNA211123P07_F11,GTGGTATG,ATTCCAGG
2,21STL000656,TCTAGGAG,ATTCCAGG
2,21STL000657,TTGCAACG,ATTCCAGG
2,21STL000658,AGAAGTGG,ATTCCAGG
2,21STL000659,ATGCCTAG,ATTCCAGG
2,21STL000660,CCTTCCAT,ATTCCAGG
2,21STL000661,CTGCCATA,ATTCCAGG
2,21STL000662,GCTGAATC,ATTCCAGG
2,21STL000663,GTTAAGCG,ATTCCAGG
2,21STL000664,TCTGTCGT,ATTCCAGG
2,21STL000665,TTGGTGCA,ATTCCAGG
2,21STL000666,AACCACTC,ACTGTGAG
2,21STL000667,AGGAACAC,ACTGTGAG
2,21STL000668,CACAGACT,ACTGTGAG
2,21STL000669,CCTTGGAA,ACTGTGAG
2,21STL000670,CTTACAGC,ACTGTGAG
2,21STL000671,GCTGTAAG,ACTGTGAG
2,21STL000672,GTTCCATG,ACTGTGAG
2,21STL000673,TCTTACGG,ACTGTGAG
2,21STL000674,AAGGCTCT,ACTGTGAG
2,21STL000675,AGGCAATG,ACTGTGAG
2,21STL000676,CACCAGTT,ACTGTGAG
2,21STL000677,CGAGAGAA,ACTGTGAG
2,21STL000678,GAACCTTC,ACTGTGAG
2,21STL000679,GGAACATG,ACTGTGAG
2,21STL000680,TACAGAGC,ACTGTGAG
2,21STL000681,TGCCTCAA,ACTGTGAG
2,21STL000682,AAGTGCAG,ACTGTGAG
2,21STL000683,AGGTAGGA,ACTGTGAG
2,21STL000684,CAGAACTG,ACTGTGAG
2,21STL000685,CGATTCTG,ACTGTGAG
2,21STL000686,GACCGATA,ACTGTGAG
2,21STL000687,GGAATGTC,ACTGTGAG
2,21STL000688,TACGGTCT,ACTGTGAG
2,21STL000689,TGCTCTAC,ACTGTGAG
2,21STL000690,ACACTACC,ACTGTGAG
2,21STL000691,AGGTCAAC,ACTGTGAG
2,21STL000692,CAGGATGT,ACTGTGAG
2,21STL000693,CGCAATGT,ACTGTGAG
2,21STL000694,GACTTGTG,ACTGTGAG
2,21STL000695,GGCGAATA,ACTGTGAG
2,21STL000696,TACTGCTC,ACTGTGAG
2,21STL000697,TGCTTGCT,ACTGTGAG
2,21STL000698,ACAGTGAC,ACTGTGAG
2,21STL000699,AGGTGTTG,ACTGTGAG
2,21STL000700,CAGGTTCA,ACTGTGAG
2,21STL000701,CGGAGTAT,ACTGTGAG
2,21STL000702,GAGCTCTA,ACTGTGAG
2,21STL000703,GGTACGAA,ACTGTGAG
2,21STL000704,TAGCTTCC,ACTGTGAG
2,21STL000705,TGGCTCTT,ACTGTGAG
2,21STL000706,ACCAAGCA,ACTGTGAG
2,21STL000707,AGTACACG,ACTGTGAG
2,21STL000708,CATACGGA,ACTGTGAG
2,21STL000709,CTAAGACC,ACTGTGAG
2,21STL000710,GAGTGTGT,ACTGTGAG
2,21STL000711,GGTTAGCT,ACTGTGAG
2,21STL000712,TATGGCAC,ACTGTGAG
2,BLANK_DNA211123P08_H06,TGGTTCGA,ACTGTGAG
2,21STL000713,ACGAACGA,ACTGTGAG
2,21STL000714,AGTCAGGT,ACTGTGAG
2,21STL000715,CATGAGCA,ACTGTGAG
2,21STL000716,CTACATCC,ACTGTGAG
2,21STL000717,GATCTTGC,ACTGTGAG
2,21STL000718,GTAACCGA,ACTGTGAG
2,21STL000719,TCACCTAG,ACTGTGAG
2,21STL000720,TTACGTGC,ACTGTGAG
2,21STL000721,ACGGTACA,ACTGTGAG
2,21STL000722,AGTGGCAA,ACTGTGAG
2,21STL000723,CATTGACG,ACTGTGAG
2,21STL000724,CTAGCTCA,ACTGTGAG
2,21STL000725,GCAGAAGA,ACTGTGAG
2,21STL000726,GTATCGAG,ACTGTGAG
2,21STL000727,TCAGTAGG,ACTGTGAG
2,21STL000728,TTCCAGGT,ACTGTGAG
2,21STL000729,ACTCTCCA,ACTGTGAG
2,21STL000730,ATAACGCC,ACTGTGAG
2,21STL000731,CCAAGGTT,ACTGTGAG
2,21STL000732,CTCACCAA,ACTGTGAG
2,21STL000733,GCATAGTC,ACTGTGAG
2,21STL000734,GTCAACAG,ACTGTGAG
2,21STL000735,TCCTGACT,ACTGTGAG
2,21STL000736,TTCCTCCT,ACTGTGAG
2,21STL000737,ACTCTGAG,ACTGTGAG
2,21STL000738,ATCGTGGT,ACTGTGAG
2,21STL000739,CCAGTATC,ACTGTGAG
2,21STL000740,CTCGACTT,ACTGTGAG
2,21STL000741,GCCTATGT,ACTGTGAG
2,21STL000742,GTCGTTAC,ACTGTGAG
2,21STL000743,TCGTGCAT,ACTGTGAG
2,21STL000744,TTCGGCTA,ACTGTGAG
2,21STL000745,AGAAGCCT,ACTGTGAG
2,21STL000746,ATCTCCTG,ACTGTGAG
2,21STL000747,CCTCGTTA,ACTGTGAG
2,21STL000748,CTCTCAGA,ACTGTGAG
2,21STL000749,GCCTTCTT,ACTGTGAG
2,21STL000750,GTGGTATG,ACTGTGAG
2,21STL000751,TCTAGGAG,ACTGTGAG
2,21STL000752,TTGCAACG,ACTGTGAG
2,21STL000753,AGAAGTGG,ACTGTGAG
2,21STL000754,ATGCCTAG,ACTGTGAG
2,21STL000755,CCTTCCAT,ACTGTGAG
2,21STL000756,CTGCCATA,ACTGTGAG
2,21STL000757,GCTGAATC,ACTGTGAG
2,21STL000758,GTTAAGCG,ACTGTGAG
2,21STL000759,TCTGTCGT,ACTGTGAG
2,21STL000760,TTGGTGCA,ACTGTGAG
2,21STL000761,AACCACTC,CCAGTCTT
2,21STL000762,AGGAACAC,CCAGTCTT
2,21STL000763,CACAGACT,CCAGTCTT
2,21STL000764,CCTTGGAA,CCAGTCTT
2,21STL000765,CTTACAGC,CCAGTCTT
2,21STL000766,GCTGTAAG,CCAGTCTT
2,21STL000767,GTTCCATG,CCAGTCTT
2,21STL000768,TCTTACGG,CCAGTCTT
2,21STL000769,AAGGCTCT,CCAGTCTT
2,21STL000770,AGGCAATG,CCAGTCTT
2,21STL000771,CACCAGTT,CCAGTCTT
2,21STL000772,CGAGAGAA,CCAGTCTT
2,21STL000773,GAACCTTC,CCAGTCTT
2,21STL000774,GGAACATG,CCAGTCTT
2,21STL000775,TACAGAGC,CCAGTCTT
2,21STL000776,TGCCTCAA,CCAGTCTT
2,BLANK_DNA211123P09_A03,AAGTGCAG,CCAGTCTT
2,21STL000777,AGGTAGGA,CCAGTCTT
2,21STL000778,CAGAACTG,CCAGTCTT
2,21STL000779,CGATTCTG,CCAGTCTT
2,21STL000780,GACCGATA,CCAGTCTT
2,21STL000781,GGAATGTC,CCAGTCTT
2,21STL000782,TACGGTCT,CCAGTCTT
2,21STL000783,TGCTCTAC,CCAGTCTT
2,21STL000784,ACACTACC,CCAGTCTT
2,21STL000785,AGGTCAAC,CCAGTCTT
2,21STL000786,CAGGATGT,CCAGTCTT
2,21STL000787,CGCAATGT,CCAGTCTT
2,21STL000788,GACTTGTG,CCAGTCTT
2,21STL000789,GGCGAATA,CCAGTCTT
2,21STL000790,TACTGCTC,CCAGTCTT
2,21STL000791,TGCTTGCT,CCAGTCTT
2,21STL000792,ACAGTGAC,CCAGTCTT
2,21STL000793,AGGTGTTG,CCAGTCTT
2,21STL000794,CAGGTTCA,CCAGTCTT
2,21STL000795,CGGAGTAT,CCAGTCTT
2,21STL000796,GAGCTCTA,CCAGTCTT
2,21STL000797,GGTACGAA,CCAGTCTT
2,21STL000798,TAGCTTCC,CCAGTCTT
2,21STL000799,TGGCTCTT,CCAGTCTT
2,21STL000800,ACCAAGCA,CCAGTCTT
2,21STL000801,AGTACACG,CCAGTCTT
2,21STL000802,CATACGGA,CCAGTCTT
2,21STL000803,CTAAGACC,CCAGTCTT
2,21STL000804,GAGTGTGT,CCAGTCTT
2,21STL000805,GGTTAGCT,CCAGTCTT
2,21STL000806,TATGGCAC,CCAGTCTT
2,21STL000807,TGGTTCGA,CCAGTCTT
2,21STL000808,ACGAACGA,CCAGTCTT
2,21STL000809,AGTCAGGT,CCAGTCTT
2,21STL000810,CATGAGCA,CCAGTCTT
2,21STL000811,CTACATCC,CCAGTCTT
2,21STL000812,GATCTTGC,CCAGTCTT
2,21STL000813,GTAACCGA,CCAGTCTT
2,21STL000814,TCACCTAG,CCAGTCTT
2,21STL000815,TTACGTGC,CCAGTCTT
2,21STL000816,ACGGTACA,CCAGTCTT
2,21STL000817,AGTGGCAA,CCAGTCTT
2,21STL000818,CATTGACG,CCAGTCTT
2,21STL000819,CTAGCTCA,CCAGTCTT
2,21STL000820,GCAGAAGA,CCAGTCTT
2,21STL000821,GTATCGAG,CCAGTCTT
2,21STL000822,TCAGTAGG,CCAGTCTT
2,21STL000823,TTCCAGGT,CCAGTCTT
2,21STL000824,ACTCTCCA,CCAGTCTT
2,21STL000825,ATAACGCC,CCAGTCTT
2,21STL000826,CCAAGGTT,CCAGTCTT
2,21STL000827,CTCACCAA,CCAGTCTT
2,21STL000828,GCATAGTC,CCAGTCTT
2,21STL000829,GTCAACAG,CCAGTCTT
2,21STL000830,TCCTGACT,CCAGTCTT
2,21STL000831,TTCCTCCT,CCAGTCTT
2,21STL000832,ACTCTGAG,CCAGTCTT
2,21STL000833,ATCGTGGT,CCAGTCTT
2,21STL000834,CCAGTATC,CCAGTCTT
2,21STL000835,CTCGACTT,CCAGTCTT
2,21STL000836,GCCTATGT,CCAGTCTT
2,21STL000837,GTCGTTAC,CCAGTCTT
2,21STL000838,TCGTGCAT,CCAGTCTT
2,21STL000839,TTCGGCTA,CCAGTCTT
2,21STL000840,AGAAGCCT,CCAGTCTT
2,21STL000841,ATCTCCTG,CCAGTCTT
2,21STL000842,CCTCGTTA,CCAGTCTT
2,21STL000843,CTCTCAGA,CCAGTCTT
2,21STL000844,GCCTTCTT,CCAGTCTT
2,21STL000845,GTGGTATG,CCAGTCTT
2,21STL000846,TCTAGGAG,CCAGTCTT
2,21STL000847,TTGCAACG,CCAGTCTT
2,21STL000848,AGAAGTGG,CCAGTCTT
2,21STL000849,ATGCCTAG,CCAGTCTT
2,21STL000850,CCTTCCAT,CCAGTCTT
2,21STL000851,CTGCCATA,CCAGTCTT
2,21STL000852,GCTGAATC,CCAGTCTT
2,21STL000853,GTTAAGCG,CCAGTCTT
2,21STL000854,TCTGTCGT,CCAGTCTT
2,21STL000855,TTGGTGCA,CCAGTCTT
2,21STL000856,AACCACTC,GTTGACGT
2,21STL000857,AGGAACAC,GTTGACGT
2,21STL000858,CACAGACT,GTTGACGT
2,21STL000859,CCTTGGAA,GTTGACGT
2,21STL000860,CTTACAGC,GTTGACGT
2,21STL000861,GCTGTAAG,GTTGACGT
2,21STL000862,GTTCCATG,GTTGACGT
2,21STL000863,TCTTACGG,GTTGACGT
2,21STL000864,AAGGCTCT,GTTGACGT
2,21STL000865,AGGCAATG,GTTGACGT
2,21STL000866,CACCAGTT,GTTGACGT
2,21STL000867,CGAGAGAA,GTTGACGT
2,21STL000868,GAACCTTC,GTTGACGT
2,21STL000869,GGAACATG,GTTGACGT
2,21STL000870,TACAGAGC,GTTGACGT
2,21STL000871,TGCCTCAA,GTTGACGT
2,21STL000872,AAGTGCAG,GTTGACGT
2,21STL000873,AGGTAGGA,GTTGACGT
2,21STL000874,CAGAACTG,GTTGACGT
2,21STL000875,CGATTCTG,GTTGACGT
2,21STL000876,GACCGATA,GTTGACGT
2,21STL000877,GGAATGTC,GTTGACGT
2,21STL000878,TACGGTCT,GTTGACGT
2,21STL000879,TGCTCTAC,GTTGACGT
2,21STL000880,ACACTACC,GTTGACGT
2,21STL000881,AGGTCAAC,GTTGACGT
2,21STL000882,CAGGATGT,GTTGACGT
2,21STL000883,CGCAATGT,GTTGACGT
2,21STL000884,GACTTGTG,GTTGACGT
2,21STL000885,GGCGAATA,GTTGACGT
2,21STL000886,TACTGCTC,GTTGACGT
2,21STL000887,TGCTTGCT,GTTGACGT
2,21STL000888,ACAGTGAC,GTTGACGT
2,21STL000889,AGGTGTTG,GTTGACGT
2,21STL000890,CAGGTTCA,GTTGACGT
2,21STL000891,CGGAGTAT,GTTGACGT
2,21STL000892,GAGCTCTA,GTTGACGT
2,21STL000893,GGTACGAA,GTTGACGT
2,21STL000894,TAGCTTCC,GTTGACGT
2,21STL000895,TGGCTCTT,GTTGACGT
2,21STL000896,ACCAAGCA,GTTGACGT
2,21STL000897,AGTACACG,GTTGACGT
2,21STL000898,CATACGGA,GTTGACGT
2,21STL000899,CTAAGACC,GTTGACGT
2,BLANK_DNA211123P10_E06,GAGTGTGT,GTTGACGT
2,21STL000900,GGTTAGCT,GTTGACGT
2,21STL000901,TATGGCAC,GTTGACGT
2,21STL000902,TGGTTCGA,GTTGACGT
2,21STL000903,ACGAACGA,GTTGACGT
2,21STL000904,AGTCAGGT,GTTGACGT
2,21STL000905,CATGAGCA,GTTGACGT
2,21STL000906,CTACATCC,GTTGACGT
2,21STL000907,GATCTTGC,GTTGACGT
2,21STL000908,GTAACCGA,GTTGACGT
2,21STL000909,TCACCTAG,GTTGACGT
2,21STL000910,TTACGTGC,GTTGACGT
2,21STL000911,ACGGTACA,GTTGACGT
2,21STL000912,AGTGGCAA,GTTGACGT
2,21STL000913,CATTGACG,GTTGACGT
2,21STL000914,CTAGCTCA,GTTGACGT
2,21STL000915,GCAGAAGA,GTTGACGT
2,21STL000916,GTATCGAG,GTTGACGT
2,21STL000917,TCAGTAGG,GTTGACGT
2,21STL000918,TTCCAGGT,GTTGACGT
2,21STL000919,ACTCTCCA,GTTGACGT
2,21STL000920,ATAACGCC,GTTGACGT
2,21STL000921,CCAAGGTT,GTTGACGT
2,21STL000922,CTCACCAA,GTTGACGT
2,21STL000923,GCATAGTC,GTTGACGT
2,21STL000924,GTCAACAG,GTTGACGT
2,21STL000925,TCCTGACT,GTTGACGT
2,21STL000926,TTCCTCCT,GTTGACGT
2,21STL000927,ACTCTGAG,GTTGACGT
2,21STL000928,ATCGTGGT,GTTGACGT
2,21STL000929,CCAGTATC,GTTGACGT
2,21STL000930,CTCGACTT,GTTGACGT
2,21STL000931,GCCTATGT,GTTGACGT
2,21STL000932,GTCGTTAC,GTTGACGT
2,21STL000933,TCGTGCAT,GTTGACGT
2,21STL000934,TTCGGCTA,GTTGACGT
2,21STL000935,AGAAGCCT,GTTGACGT
2,21STL000936,ATCTCCTG,GTTGACGT
2,21STL000937,CCTCGTTA,GTTGACGT
2,21STL000938,CTCTCAGA,GTTGACGT
2,21STL000939,GCCTTCTT,GTTGACGT
2,21STL000940,GTGGTATG,GTTGACGT
2,21STL000941,TCTAGGAG,GTTGACGT
2,21STL000942,TTGCAACG,GTTGACGT
2,21STL000943,AGAAGTGG,GTTGACGT
2,21STL000944,ATGCCTAG,GTTGACGT
2,21STL000945,CCTTCCAT,GTTGACGT
2,21STL000946,CTGCCATA,GTTGACGT
2,21STL000947,GCTGAATC,GTTGACGT
2,21STL000948,GTTAAGCG,GTTGACGT
2,21STL000949,TCTGTCGT,GTTGACGT
2,21STL000950,TTGGTGCA,GTTGACGT
2,21STL000951,AACCACTC,CGAACTCT
2,21STL000952,AGGAACAC,CGAACTCT
2,21STL000953,CACAGACT,CGAACTCT
2,21STL000954,CCTTGGAA,CGAACTCT
2,21STL000955,CTTACAGC,CGAACTCT
2,21STL000956,GCTGTAAG,CGAACTCT
2,21STL000957,GTTCCATG,CGAACTCT
2,21STL000958,TCTTACGG,CGAACTCT
2,21STL000959,AAGGCTCT,CGAACTCT
2,21STL000960,AGGCAATG,CGAACTCT
2,21STL000961,CACCAGTT,CGAACTCT
2,21STL000962,CGAGAGAA,CGAACTCT
2,21STL000963,GAACCTTC,CGAACTCT
2,21STL000964,GGAACATG,CGAACTCT
2,21STL000965,TACAGAGC,CGAACTCT
2,21STL000966,TGCCTCAA,CGAACTCT
2,21STL000967,AAGTGCAG,CGAACTCT
2,BLANK_DNA211123P11_B03,AGGTAGGA,CGAACTCT
2,21STL000968,CAGAACTG,CGAACTCT
2,21STL000969,CGATTCTG,CGAACTCT
2,21STL000970,GACCGATA,CGAACTCT
2,21STL000971,GGAATGTC,CGAACTCT
2,21STL000972,TACGGTCT,CGAACTCT
2,21STL000973,TGCTCTAC,CGAACTCT
2,21STL000974,ACACTACC,CGAACTCT
2,21STL000975,AGGTCAAC,CGAACTCT
2,21STL000976,CAGGATGT,CGAACTCT
2,21STL000977,CGCAATGT,CGAACTCT
2,21STL000978,GACTTGTG,CGAACTCT
2,21STL000979,GGCGAATA,CGAACTCT
2,21STL000980,TACTGCTC,CGAACTCT
2,21STL000981,TGCTTGCT,CGAACTCT
2,21STL000982,ACAGTGAC,CGAACTCT
2,21STL000983,AGGTGTTG,CGAACTCT
2,21STL000984,CAGGTTCA,CGAACTCT
2,21STL000985,CGGAGTAT,CGAACTCT
2,21STL000986,GAGCTCTA,CGAACTCT
2,21STL000987,GGTACGAA,CGAACTCT
2,21STL000988,TAGCTTCC,CGAACTCT
2,21STL000989,TGGCTCTT,CGAACTCT
2,21STL000990,ACCAAGCA,CGAACTCT
2,21STL000991,AGTACACG,CGAACTCT
2,21STL000992,CATACGGA,CGAACTCT
2,21STL000993,CTAAGACC,CGAACTCT
2,21STL000994,GAGTGTGT,CGAACTCT
2,21STL000995,GGTTAGCT,CGAACTCT
2,21STL000996,TATGGCAC,CGAACTCT
2,21STL000997,TGGTTCGA,CGAACTCT
2,21STL000998,ACGAACGA,CGAACTCT
2,21STL000999,AGTCAGGT,CGAACTCT
2,21STL001000,CATGAGCA,CGAACTCT
2,21STL001001,CTACATCC,CGAACTCT
2,21STL001002,GATCTTGC,CGAACTCT
2,21STL001003,GTAACCGA,CGAACTCT
2,21STL001004,TCACCTAG,CGAACTCT
2,21STL001005,TTACGTGC,CGAACTCT
2,21STL001006,ACGGTACA,CGAACTCT
2,21STL001007,AGTGGCAA,CGAACTCT
2,21STL001008,CATTGACG,CGAACTCT
2,21STL001009,CTAGCTCA,CGAACTCT
2,21STL001010,GCAGAAGA,CGAACTCT
2,21STL001011,GTATCGAG,CGAACTCT
2,21STL001012,TCAGTAGG,CGAACTCT
2,21STL001013,TTCCAGGT,CGAACTCT
2,21STL001014,ACTCTCCA,CGAACTCT
2,21STL001015,ATAACGCC,CGAACTCT
2,21STL001016,CCAAGGTT,CGAACTCT
2,21STL001017,CTCACCAA,CGAACTCT
2,21STL001018,GCATAGTC,CGAACTCT
2,21STL001019,GTCAACAG,CGAACTCT
2,21STL001020,TCCTGACT,CGAACTCT
2,21STL001021,TTCCTCCT,CGAACTCT
2,21STL001022,ACTCTGAG,CGAACTCT
2,21STL001023,ATCGTGGT,CGAACTCT
2,21STL001024,CCAGTATC,CGAACTCT
2,21STL001025,CTCGACTT,CGAACTCT
2,21STL001026,GCCTATGT,CGAACTCT
2,21STL001027,GTCGTTAC,CGAACTCT
2,21STL001028,TCGTGCAT,CGAACTCT
2,21STL001029,TTCGGCTA,CGAACTCT
2,21STL001030,AGAAGCCT,CGAACTCT
2,21STL001031,ATCTCCTG,CGAACTCT
2,21STL001032,CCTCGTTA,CGAACTCT
2,21STL001033,CTCTCAGA,CGAACTCT
2,21STL001034,GCCTTCTT,CGAACTCT
2,21STL001035,GTGGTATG,CGAACTCT
2,21STL001036,TCTAGGAG,CGAACTCT
2,21STL001037,TTGCAACG,CGAACTCT
2,21STL001038,AGAAGTGG,CGAACTCT
2,21STL001039,ATGCCTAG,CGAACTCT
2,21STL001040,CCTTCCAT,CGAACTCT
2,21STL001041,CTGCCATA,CGAACTCT
2,21STL001042,GCTGAATC,CGAACTCT
2,21STL001043,GTTAAGCG,CGAACTCT
2,21STL001044,TCTGTCGT,CGAACTCT
2,21STL001045,TTGGTGCA,CGAACTCT
2,21STL001046,AACCACTC,GTACCACT
2,21STL001047,AGGAACAC,GTACCACT
2,21STL001048,CACAGACT,GTACCACT
2,21STL001049,CCTTGGAA,GTACCACT
2,21STL001050,CTTACAGC,GTACCACT
2,21STL001051,GCTGTAAG,GTACCACT
2,21STL001052,GTTCCATG,GTACCACT
2,21STL001053,TCTTACGG,GTACCACT
2,21STL001054,AAGGCTCT,GTACCACT
2,21STL001055,AGGCAATG,GTACCACT
2,21STL001056,CACCAGTT,GTACCACT
2,21STL001057,CGAGAGAA,GTACCACT
2,21STL001058,GAACCTTC,GTACCACT
2,21STL001059,GGAACATG,GTACCACT
2,21STL001060,TACAGAGC,GTACCACT
2,21STL001061,TGCCTCAA,GTACCACT
2,21STL001062,AAGTGCAG,GTACCACT
2,21STL001063,AGGTAGGA,GTACCACT
2,21STL001064,CAGAACTG,GTACCACT
2,21STL001065,CGATTCTG,GTACCACT
2,21STL001066,GACCGATA,GTACCACT
2,21STL001067,GGAATGTC,GTACCACT
2,21STL001068,TACGGTCT,GTACCACT
2,21STL001069,TGCTCTAC,GTACCACT
2,21STL001070,ACACTACC,GTACCACT
2,21STL001071,AGGTCAAC,GTACCACT
2,21STL001072,CAGGATGT,GTACCACT
2,21STL001073,CGCAATGT,GTACCACT
2,21STL001074,GACTTGTG,GTACCACT
2,21STL001075,GGCGAATA,GTACCACT
2,21STL001076,TACTGCTC,GTACCACT
2,21STL001077,TGCTTGCT,GTACCACT
2,21STL001078,ACAGTGAC,GTACCACT
2,21STL001079,AGGTGTTG,GTACCACT
2,21STL001080,CAGGTTCA,GTACCACT
2,21STL001081,CGGAGTAT,GTACCACT
2,21STL001082,GAGCTCTA,GTACCACT
2,21STL001083,GGTACGAA,GTACCACT
2,21STL001084,TAGCTTCC,GTACCACT
2,21STL001085,TGGCTCTT,GTACCACT
2,21STL001086,ACCAAGCA,GTACCACT
2,21STL001087,AGTACACG,GTACCACT
2,21STL001088,CATACGGA,GTACCACT
2,21STL001089,CTAAGACC,GTACCACT
2,21STL001090,GAGTGTGT,GTACCACT
2,21STL001091,GGTTAGCT,GTACCACT
2,21STL001092,TATGGCAC,GTACCACT
2,21STL001093,TGGTTCGA,GTACCACT
2,21STL001094,ACGAACGA,GTACCACT
2,21STL001095,AGTCAGGT,GTACCACT
2,21STL001096,CATGAGCA,GTACCACT
2,21STL001097,CTACATCC,GTACCACT
2,21STL001098,GATCTTGC,GTACCACT
2,21STL001099,GTAACCGA,GTACCACT
2,21STL001100,TCACCTAG,GTACCACT
2,21STL001101,TTACGTGC,GTACCACT
2,21STL001102,ACGGTACA,GTACCACT
2,21STL001103,AGTGGCAA,GTACCACT
2,21STL001104,CATTGACG,GTACCACT
2,21STL001105,CTAGCTCA,GTACCACT
2,21STL001106,GCAGAAGA,GTACCACT
2,21STL001107,GTATCGAG,GTACCACT
2,21STL001108,TCAGTAGG,GTACCACT
2,21STL001109,TTCCAGGT,GTACCACT
2,21STL001110,ACTCTCCA,GTACCACT
2,21STL001111,ATAACGCC,GTACCACT
2,21STL001112,CCAAGGTT,GTACCACT
2,21STL001113,CTCACCAA,GTACCACT
2,21STL001114,GCATAGTC,GTACCACT
2,21STL001115,GTCAACAG,GTACCACT
2,21STL001116,TCCTGACT,GTACCACT
2,21STL001117,TTCCTCCT,GTACCACT
2,21STL001118,ACTCTGAG,GTACCACT
2,21STL001119,ATCGTGGT,GTACCACT
2,21STL001120,CCAGTATC,GTACCACT
2,21STL001121,CTCGACTT,GTACCACT
2,21STL001122,GCCTATGT,GTACCACT
2,21STL001123,GTCGTTAC,GTACCACT
2,21STL001124,TCGTGCAT,GTACCACT
2,21STL001125,TTCGGCTA,GTACCACT
2,21STL001126,AGAAGCCT,GTACCACT
2,21STL001127,ATCTCCTG,GTACCACT
2,21STL001128,CCTCGTTA,GTACCACT
2,21STL001129,CTCTCAGA,GTACCACT
2,21STL001130,GCCTTCTT,GTACCACT
2,21STL001131,GTGGTATG,GTACCACT
2,BLANK_DNA211123P12_G11,TCTAGGAG,GTACCACT
2,21STL001132,TTGCAACG,GTACCACT
2,21STL001133,AGAAGTGG,GTACCACT
2,21STL001134,ATGCCTAG,GTACCACT
2,21STL001135,CCTTCCAT,GTACCACT
2,21STL001136,CTGCCATA,GTACCACT
2,21STL001137,GCTGAATC,GTACCACT
2,21STL001138,GTTAAGCG,GTACCACT
2,21STL001139,TCTGTCGT,GTACCACT
2,21STL001140,TTGGTGCA,GTACCACT